Term,Name,Start Date,End Date,Status
Spring 2024,Lab 1,3/30/2024,3/6/2024,1
Spring 2024,Lab 2,3/6/2024,3/19/2024,1
Spring 2024,Midterm Part 3,5/24/2024,5/24/2024,0
Spring 2024,Lab 4,5/4/2024,4/17/2024,0
Spring 2024,Lab 5,5/6/2024,5/18/2024,0
Spring 2024,Lab 3,4/22/2024,4/3/2024,1
Spring 2024,Midterm Part 2,4/24/2024,4/24/2024,1
ummer 2025,TEST,5/3/2023,5/4/2024,0
Spring 2024,Midterm Part 1,3/24/2024,3/24/2024,1
